episode,mean_reward,sd_reward,min_reward,max_reward,mean_td_error,sd_td_error,min_td_error,max_td_error
0,-0.10831923102786085,0.10831923102786085,-0.2166384620557217,0.0,-0.10831923102786085,0.10831923102786085,-0.2166384620557217,0.0
10000,3.472880521564811,2.188776742399926,-0.21761642741746148,4.986184489442036,0.4033705215648199,1.569244066122023,-4.418384326986392,2.106184489442034
20000,3.3628433149207666,2.2435842468978753,-0.21761288068678367,4.986184489442036,-0.0028466850791896902,1.6042947151950664,-4.428384326986385,1.6061844894420854
30000,3.5954928634338703,2.1209942195710965,-0.2176220101141199,4.986184489442036,0.11063286343394471,1.4544864967819577,-4.442179382786814,4.87161567301358
40000,3.311642817207492,2.2655963544761573,-0.21761642741746148,4.986184489442036,-0.11882718279240591,1.6228914643563388,-4.4583843269863594,4.607820617213112
50000,3.4601424483908643,2.194283043745905,-0.21761642741746148,4.986184489442036,-0.08216755160900215,1.5362986337930595,-4.428384326986353,1.1932344864373414
60000,3.387970920761413,2.2354954894185806,-0.21761642741746148,4.986184489442036,-0.08124907923842975,1.5510564036151577,-4.442179382786778,4.607820617213113
70000,3.4961035111486973,2.1744784712947154,-0.21761288068678367,4.986184489442036,-0.08230648885110989,1.5556034439896156,-4.452179382786801,4.5825462175113
80000,3.465515833153553,2.1951993875474556,-0.2176220101141199,4.986184489442036,-0.03255416684623053,1.4599764348210078,-4.442179382786688,4.607820617213113
90000,3.554809707451096,2.1413315159238078,-0.21761642741746148,4.986184489442036,-0.08440029254864671,1.5515492505466904,-4.438384326986198,4.87161567301358
100000,3.4751672168071828,2.188109226126951,-0.21761166314262065,4.986184489442036,-0.11504278319253254,1.5757713761402725,-4.428384326986298,4.87161567301358
110000,3.5652529465451797,2.1387731564584658,-0.21759839313609602,4.986184489442036,-0.019017053454512378,1.4417552861619403,-4.438384326986234,4.607820617213115
120000,3.474161530220398,2.1885299919422407,-0.2176220101141199,4.986184489442036,-0.11301846977926515,1.5259249486212467,-4.4221793827866875,4.6078206172131155
130000,3.431134439048957,2.2101615448785044,-0.21761642741746148,4.986184489442036,-0.14534556095068046,1.5897266253361688,-4.4321793827867335,4.837820617213111
140000,3.497068003604663,2.1764113657745807,-0.21761642741746148,4.986184489442036,-0.02390199639494849,1.5715142676289726,-4.428384326986097,4.591615673013584
150000,3.6013888615856295,2.113086451600391,-0.21761288068678367,4.986184489442036,-0.09229113841393823,1.6443730445424,-4.438384326986007,4.87161567301358
160000,3.5871028842217663,2.121474924330009,-0.21759839313609602,4.986184489442036,-0.10537711577776761,1.6349636341678215,-4.438384326986042,4.8878206172131105
170000,3.5370422173516065,2.153862360608735,-0.21761288068678367,4.986184489442036,-0.12221778264791254,1.5559479740278686,-4.442179382786519,0.9961844894427738
180000,3.661385912428039,2.0732960393855397,-0.2176220101141199,4.986184489442036,-0.09475408757144832,1.618300231140498,-4.428384326985919,1.4732344864371343
190000,3.6120635462969286,2.1052306836851864,-0.21761642741746148,4.986184489442036,-0.16938645370252076,1.6734371916329407,-4.428384326986197,4.837820617213111
200000,3.7319917251794736,2.027608246482582,-0.21759089680665833,4.986184489442036,-0.09050827481994482,1.6123888067272305,-4.458384326985951,4.403361537944279
210000,3.6157419301256155,2.1005398412043945,-0.2176220101141199,4.986184489442036,-0.1692880698737682,1.6966387869532729,-4.428384326985934,4.8878206172131105
220000,3.676190558591892,2.0641261934197055,-0.21761642741746148,4.986184489442036,-0.11502944140747323,1.625701292362786,-4.438384326986031,1.3661844894429929
230000,3.755500068117929,2.010412920218628,-0.21761166314262065,4.986184489442036,-0.03622993188140053,1.5455117312820559,-4.428384326985377,1.2161844894430414
240000,3.665880674368331,2.0718175703315898,-0.21761288068678367,4.986184489442036,-0.08033932563097242,1.623190039084308,-4.4383843269857675,4.87161567301358
250000,3.7997682318406634,1.9764807940713078,-0.2176220101141199,4.986184489442036,-0.037161768158589625,1.564547121737732,-4.418384326985987,4.87161567301358
260000,3.75898470854997,2.007888847342359,-0.21761288068678367,4.986184489442036,-0.06791529144924385,1.5579665065194572,-4.442179382786296,4.243234486437136
270000,3.612541313083612,2.1053488983681246,-0.21761642741746148,4.986184489442036,-0.12226868691559645,1.6369307793162222,-4.498384326986106,1.3332344864383385
280000,3.681597745872662,2.0611931358355853,-0.21761642741746148,4.986184489442036,-0.08561225412652444,1.590794968575922,-4.428384326986092,4.82161567301358
290000,3.656969308567528,2.0745636615595564,-0.21761288068678367,4.986184489442036,-0.16075069143159856,1.6822360746175056,-4.428384326986076,4.8878206172131105
300000,3.6281115427818835,2.0954776003530915,-0.21761288068678367,4.986184489442036,-0.16739845721722393,1.6941537570348075,-4.428384326985562,1.266184489443405
310000,3.7901895829079475,1.98234428792815,-0.2176220101141199,4.986184489442036,-0.0736404170911098,1.613867828239181,-4.438384326985711,4.072737363820292
320000,3.6814136896358924,2.060587411103115,-0.2176220101141199,4.986184489442036,-0.06671631036315159,1.6220324867765368,-4.43838432698552,1.4961844894434773
330000,3.843249610308456,1.9422106515407105,-0.21758607369823674,4.986184489442036,0.08236961030945648,1.520419383028658,-4.428384326985668,4.8878206172131105
340000,3.6147831096735925,2.1036720107163607,-0.21761288068678367,4.986184489442036,-0.07570689032541283,1.613472134041312,-4.438384326985834,4.82161567301358
350000,3.7226785097846258,2.032465625109332,-0.21759089680665833,4.986184489442036,-0.1034814902142792,1.660945610318816,-4.4483843269855114,1.2661844894436127
360000,3.6666931081069163,2.0693913767887038,-0.21761288068678367,4.986184489442036,-0.12709689189198967,1.6682741398927285,-4.438384326985998,4.771615673013581
370000,3.672211350815257,2.0663620457717293,-0.2175594969602775,4.986184489442036,-0.11333864918362463,1.6668984589000346,-4.428384326985989,4.837820617213111
380000,3.7721256521708715,1.999719314990252,-0.21761642741746148,4.986184489442036,-0.02775434782795372,1.5637400820154659,-4.428384326985975,1.39618448944372
390000,3.660714382695937,2.0735494381064736,-0.2176220101141199,4.986184489442036,-0.0968756173028886,1.6443543499773459,-4.4383843269853065,4.837820617213111
400000,3.548626651111157,2.1433534978861792,-0.21761642741746148,4.986184489442036,-0.2194833488876311,1.7521115576794957,-4.428384326985947,4.0325462175113005
410000,3.6719761989779456,2.067782896710275,-0.21761288068678367,4.986184489442036,-0.07641380102080117,1.5818496372748097,-4.438384326985258,1.2132344864389628
420000,3.704215017132609,2.0447477953282918,-0.21761288068678367,4.986184489442036,-0.076314982866103,1.609440318245979,-4.458384326985928,1.176184489443873
430000,3.582769244466431,2.1223524784468966,-0.21761642741746148,4.986184489442036,-0.1673507555322589,1.7090372705141812,-4.4483843269859165,1.406184489443918
440000,3.7779305085595194,1.9961601890789167,-0.2176220101141199,4.986184489442036,0.0040105085608404065,1.4603965062699091,-4.4283843269856344,3.91248991387348
450000,3.6220681635004084,2.098638576783945,-0.21761642741746148,4.986184489442036,-0.1460018364982066,1.6528673874097026,-4.428384326985405,4.837820617213111
460000,3.637520450225073,2.0883574740031037,-0.21761166314262065,4.986184489442036,-0.1429995497735515,1.6701909067311749,-4.432179382785857,3.69782061721311
470000,3.626563692009633,2.0970756153831442,-0.21758607369823674,4.986184489442036,-0.10610630798893125,1.6121442253450964,-4.428384326985879,1.3461844894441617
480000,3.67578495289727,2.0646134884369856,-0.21761642741746148,4.986184489442036,-0.1528150471012555,1.6684113965841647,-4.448384326985111,3.513361537944278
490000,3.6915782812453455,2.055406760307031,-0.2176220101141199,4.986184489442036,-0.12091171875315983,1.6020607440109436,-4.42838432698529,1.0161844894442646
500000,3.7308244791980356,2.026029717283082,-0.21759839313609602,4.986184489442036,-0.09438552080042477,1.6046476535935466,-4.4221793827854485,4.82161567301358
510000,3.6377210171882854,2.088256139747032,-0.21759089680665833,4.986184489442036,-0.17462898281014336,1.6927277285375784,-4.438384326984108,3.6529170479623443
520000,3.6108851761950604,2.103875695139363,-0.21761288068678367,4.986184489442036,-0.1503548238033228,1.687101331867769,-4.438384326985049,4.771615673013581
530000,3.7802565142713673,1.99310032911947,-0.21761166314262065,4.986184489442036,-0.040033485726974676,1.553411786268232,-4.428384326985808,3.673234486437136
540000,3.736104638227043,2.0255166736589807,-0.2176220101141199,4.986184489442036,-0.04219536177129229,1.5641487181118063,-4.432179382786264,3.5725462175113
550000,3.626058454482837,2.096488866286504,-0.21761642741746148,4.986184489442036,-0.06201154551546476,1.6300823156023432,-4.448384326985196,1.3261844894445378
560000,3.683587608298795,2.062445193446131,-0.21761288068678367,4.986184489442036,-0.07638239169947189,1.60873371180357,-4.428384326985423,4.771615673013581
570000,3.636522276478965,2.089200735239744,-0.2176220101141199,4.986184489442036,-0.14259772351929273,1.6513035754901884,-4.4283843269849035,1.2430077854995893
580000,3.592585488811264,2.119392644774101,-0.21761642741746148,4.986184489442036,-0.12597451118696495,1.6517848050571813,-4.422179382786218,4.771615673013581
590000,3.7443880833871765,2.0159942133875433,-0.21761288068678367,4.986184489442036,-0.09753191661099718,1.5977493288802656,-4.428384326985073,3.4126238723583184
600000,3.716672931604485,2.040899397478726,-0.21761642741746148,4.986184489442036,-0.07419706839364652,1.5681744186325774,-4.4383843269853775,1.1261844894439639
610000,3.823649348794237,1.9596683487888813,-0.21761288068678367,4.986184489442036,0.02749934879616675,1.5286340691983404,-4.428384326984776,4.82161567301358
620000,3.6816659353607912,2.060576608099801,-0.21759089680665833,4.986184489442036,-0.0590340646372422,1.6385445660481799,-4.4383843269849885,3.422440503039722
630000,3.7198664903242924,2.035243363852001,-0.21761288068678367,4.986184489442036,-0.058923509673724075,1.5983648669308572,-4.438384326985009,4.82161567301358
640000,3.6139659317062995,2.10349341933442,-0.21761288068678367,4.986184489442036,-0.1797840682916697,1.7237390614200887,-4.43217938278546,1.286184489444965
650000,3.6324441624605037,2.093225258076352,-0.2176220101141199,4.986184489442036,-0.16155583753746475,1.663457968583753,-4.4783843269856725,1.046184489445011
660000,3.591118766441038,2.118616103656008,-0.21759089680665833,4.986184489442036,-0.11971123355695068,1.604787333165614,-4.428384326984896,1.0361844894450103
670000,3.6238404149500383,2.097326434093514,-0.21759089680665833,4.986184489442036,-0.15224958504790304,1.6664442066526322,-4.428384326985653,4.771615673013581
680000,3.7460552254122756,2.0163904750145147,-0.21761288068678367,4.986184489442036,-0.05145477458557906,1.58058372640176,-4.428384326984897,1.3561844894450505
690000,3.6081641405785922,2.1073065994125963,-0.21761642741746148,4.986184489442036,-0.2015658594192249,1.7158346936117617,-4.432179382786091,1.1761844894451556
700000,3.65594519267974,2.0747168896240344,-0.2176220101141199,4.986184489442036,-0.13990480731808708,1.621370235011943,-4.438384326984843,0.8629170479655155
710000,3.642937699157839,2.0841336069960223,-0.21758607369823674,4.986184489442036,-0.16764230083993636,1.7021538825874087,-4.4983843269856,3.122737363820291
720000,3.566090304761119,2.1293391859403115,-0.21761642741746148,4.986184489442036,-0.2203596952366404,1.7420717726798653,-4.438384326984383,1.272546217513788
730000,3.7247171251385147,2.0292632554073897,-0.21761288068678367,4.986184489442036,-0.08640287485917818,1.618181673032944,-4.438384326984356,4.837820617213111
740000,3.7655860722211365,2.0017646994303697,-0.21761288068678367,4.986184489442036,-0.058273927776531995,1.6092700685782781,-4.422179382784893,4.87161567301358
750000,3.623346352310846,2.099744938967973,-0.21761166314262065,4.986184489442036,-0.08684364768683106,1.6270876258414344,-4.428384326984329,1.3861844894454958
760000,3.5621012162796397,2.133500735328297,-0.21761642741746148,4.986184489442036,-0.13782878371802126,1.7070734544185762,-4.428384326984702,1.3930077855004797
770000,3.716311455115408,2.034758518925486,-0.21758607369823674,4.986184489442036,-0.09557854488214246,1.6501756187618248,-4.438384326984307,4.82161567301358
780000,3.7210902310728216,2.034668066655164,-0.21761642741746148,4.986184489442036,-0.10480976892478423,1.5836561457090736,-4.448384326984653,1.1261844894455644
790000,3.6857816857032892,2.058830767381058,-0.2176220101141199,4.986184489442036,-0.11820831429426283,1.6100039331644356,-4.448384326984173,2.9029586561624994
800000,3.621377851310789,2.1017832361142075,-0.21761288068678367,4.986184489442036,-0.12004214868670499,1.6525778605633346,-4.438384326984556,4.82161567301358
810000,3.6998096517910453,2.047599626680433,-0.21761288068678367,4.986184489442036,-0.07177034820646937,1.5728949098169853,-4.438384326984525,3.052508662710449
820000,3.7411874383128496,2.019414243234398,-0.2176220101141199,4.986184489442036,-0.10089256168454157,1.6061330047674338,-4.428384326982618,4.771615673013581
830000,3.6770800734741833,2.065441055753984,-0.21761288068678367,4.986184489442036,-0.06220992652326122,1.599836265207764,-4.46217938278593,1.556184489445842
840000,3.781969760107586,1.9896702112423352,-0.21761642741746148,4.986184489442036,-0.05925023988975635,1.6397298816653263,-4.438384326985448,4.787820617213111
850000,3.6805936624115914,2.058079674294272,-0.21761642741746148,4.986184489442036,-0.16778633758572875,1.7010614405325948,-4.428384326984017,1.2432344864410423
860000,3.7564354433195835,2.0080810177454587,-0.2176220101141199,4.986184489442036,-0.07378455667766434,1.6102605647716302,-4.428384326984414,4.73782061721311
870000,3.6480286550918746,2.0836121808436614,-0.2176220101141199,4.986184489442036,-0.09243134490542604,1.6210436635466232,-4.432179382784408,1.2561844894459662
880000,3.6029786982619947,2.1122879215668937,-0.21761288068678367,4.986184489442036,-0.14096130173525176,1.6945945870651449,-4.438384326983899,4.837820617213111
890000,3.686145337865282,2.0571422063545004,-0.2176220101141199,4.986184489442036,-0.11522466213194722,1.6295645020146368,-4.42838432698387,2.6129170479623447
900000,3.7667662314946146,2.0005601709064194,-0.21761288068678367,4.986184489442036,-0.11345376850249088,1.6280940851461212,-4.42838432698485,2.712755593332688
910000,3.712172850573936,2.0399025962499624,-0.21761166314262065,4.986184489442036,-0.12271714942317706,1.6686469114211078,-4.422179382785847,4.87161567301358
920000,3.584555258727064,2.121802097824235,-0.21761288068678367,4.986184489442036,-0.1920347412700376,1.756857016978856,-4.428384326984821,4.82161567301358
930000,3.7151396980412152,2.0395504172598433,-0.2176220101141199,4.986184489442036,-0.05206030195588271,1.5515114827164151,-4.428384326983792,4.787820617213111
940000,3.647125717592953,2.0858097675775373,-0.21761288068678367,4.986184489442036,-0.051984282404123464,1.5608444673922637,-4.42838432698427,2.8226333757660633
950000,3.613180348090436,2.105865529648571,-0.21759089680665833,4.986184489442036,-0.12160965190660712,1.7028269274500607,-4.438384326983807,4.787820617213111
960000,3.6943550328520334,2.052244648776201,-0.21761166314262065,4.986184489442036,-0.12508496714486128,1.6937796280683717,-4.438384326983789,1.5261844894463734
970000,3.5579308645962824,2.1364735840685154,-0.21761642741746148,4.986184489442036,-0.18541913540067156,1.7116418459968998,-4.43838432698363,2.5827373638202924
980000,3.775756244782123,1.9989562377179482,-0.21759089680665833,4.986184489442036,0.004256244785172966,1.505166199920393,-4.442179382785783,4.8878206172131105
990000,3.65300229158545,2.0796212010620363,-0.21761288068678367,4.986184489442036,-0.019147708411571082,1.5396868729965552,-4.428384326983599,1.4726238723628806
1000000,3.6315210188448774,2.092414390396858,-0.2176220101141199,4.986184489442036,-0.13604898115200684,1.6579593792444558,-4.432179382784113,2.2626333757660655
1010000,3.7203594065468972,2.0368473669564735,-0.2176220101141199,4.986184489442036,-0.03152059344994949,1.5141678060963317,-4.438384326985284,1.1861844894466103
1020000,3.773533057433949,1.9955949752708135,-0.21761642741746148,4.986184489442036,-0.018826942562832724,1.5191237349326066,-4.438384326983499,2.803007785497055
1030000,3.5809331363628805,2.123903057374991,-0.21759839313609602,4.986184489442036,-0.13786686363393408,1.653513295047386,-4.4483843269852565,4.68782061721311
1040000,3.7370759147666868,2.0221746210074256,-0.2176220101141199,4.986184489442036,-0.14629408523004905,1.640925507905008,-4.428384326983424,0.9928223344388494
1050000,3.687301655364503,2.058720774981252,-0.21761288068678367,4.986184489442036,-0.08089834463221458,1.5924942401043503,-4.438384326983513,1.2761844894467718
1060000,3.817134079059167,1.9648334553924414,-0.2176220101141199,4.986184489442036,-0.010515920937443305,1.5426384107006679,-4.428384326983905,4.72161567301358
1070000,3.62715737289569,2.095196833840587,-0.21761642741746148,4.986184489442036,-0.16039262710095484,1.6641246086022194,-4.4783843269852115,1.0261844894469832
1080000,3.729499364562112,2.0261346545808374,-0.21761642741746148,4.986184489442036,-0.07308063543449847,1.5922837094441182,-4.432179382785669,1.1861844894469193
1090000,3.6561484582883197,2.0782557489037456,-0.21761166314262065,4.986184489442036,-0.11254154170823301,1.6371938945949356,-4.448384326983968,4.67161567301358
1100000,3.5624163121107717,2.13821541791015,-0.21761642741746148,4.986184489442036,-0.12966368788584717,1.6417170353256012,-4.432179382784415,2.7627373638202912
1110000,3.5929335618953684,2.117324154388374,-0.21761288068678367,4.986184489442036,-0.1803164381011724,1.7054901338169874,-4.4283843269832825,1.3761844894471
1120000,3.705205893727574,2.043912400717536,-0.21761642741746148,4.986184489442036,-0.1129441062688897,1.6405081830120611,-4.428384326983318,2.2129586561625008
1130000,3.6671645214612827,2.067768713173545,-0.21759089680665833,4.986184489442036,-0.1571254785351433,1.6996241805868906,-4.428384326985143,4.837820617213111
1140000,3.636579624006552,2.088881658565078,-0.21761642741746148,4.986184489442036,-0.14949037598985304,1.6424935483474348,-4.448384326983233,1.256184489447186
1150000,3.6968172800003045,2.0497785421926675,-0.21758607369823674,4.986184489442036,-0.13073271999599478,1.6650836928681927,-4.428384326984391,4.837820617213111
1160000,3.8401351374669805,1.9473721514061475,-0.21758440679528623,4.986184489442036,0.012095137470600512,1.5107682318597981,-4.432179382785563,2.1226333757660654
1170000,3.603674053777706,2.110279013588932,-0.21759089680665833,4.986184489442036,-0.15888594621850702,1.7408374290224524,-4.43217938278555,2.132720670176484
1180000,3.7371730834199988,2.025006035390176,-0.21761642741746148,4.986184489442036,-0.05521691657619127,1.6028392633258408,-4.448384326983056,1.266184489447371
1190000,3.69724502150886,2.0516854469548287,-0.21761166314262065,4.986184489442036,-0.09820497848745306,1.6100627153369123,-4.438384326983723,4.72161567301358
1200000,3.685747594245724,2.05818991298668,-0.21761642741746148,4.986184489442036,-0.06550240575042858,1.6247288251066627,-4.4483843269850425,2.6329586561625002
1210000,3.771873895679588,2.0007273688704537,-0.21761642741746148,4.986184489442036,-0.012676104316523648,1.5521288915464981,-4.438384326984313,1.336184489447561
1220000,3.7104947769764105,2.041618993883753,-0.21761642741746148,4.986184489442036,-0.07866522301980004,1.6224563237564373,-4.418384326985013,4.6378206172131105
1230000,3.6180110831126195,2.1020523549215766,-0.21761642741746148,4.986184489442036,-0.1326389168835396,1.666395447833081,-4.428384326980806,4.787820617213111
1240000,3.5986020869753346,2.1137790871033513,-0.21761288068678367,4.986184489442036,-0.13493791302078864,1.6659956127422022,-4.428384326982947,4.82161567301358
1250000,3.705559453928436,2.045738777072705,-0.21761642741746148,4.986184489442036,-0.047040546067634775,1.5673942101373728,-4.452179382784722,1.3028223344398642
1260000,3.770094096834251,1.9965611410353568,-0.21761642741746148,4.986184489442036,-0.040365903161728195,1.626438551013679,-4.428384326980747,1.5161844894477383
1270000,3.7148095141317765,2.0379006914986753,-0.21761288068678367,4.986184489442036,-0.062310485864204596,1.5760306410566725,-4.438384326983422,2.132822334434248
1280000,3.5564582962614484,2.137359917506799,-0.21761288068678367,4.986184489442036,-0.18243170373456388,1.683629945025412,-4.428384326982843,1.0832344864430778
1290000,3.663062515462193,2.0712294444446706,-0.21761288068678367,4.986184489442036,-0.12869748453375712,1.6292204984003817,-4.448384326982817,1.1930077855029513
1300000,3.5912487240514226,2.118609776825583,-0.21761166314262065,4.986184489442036,-0.08353127594448867,1.6560484712249286,-4.428384326984154,1.3932344864429247
1310000,3.697187645361703,2.0498125152644273,-0.21759839313609602,4.986184489442036,-0.07290235463417373,1.6310064695065563,-4.438384326983448,4.82161567301358
1320000,3.7298517007952148,2.024890981804546,-0.21761642741746148,4.986184489442036,-0.10927829920059084,1.671320493495802,-4.448384326984892,2.282563606660171
1330000,3.63554066189241,2.0929724500973337,-0.21761642741746148,4.986184489442036,-0.0677493381034677,1.5765798396096609,-4.438384326984111,1.4261844894480742
1340000,3.734739639423444,2.0245649024338626,-0.21761288068678367,4.986184489442036,-0.07163036057226785,1.5643748497435277,-4.438384326983376,1.116184489448166
1350000,3.551947555299473,2.1423475946750052,-0.21759839313609602,4.986184489442036,-0.1523524446963418,1.6575977275546319,-4.428384326982663,4.837820617213111
1360000,3.6717884949112247,2.0665816592653186,-0.21761288068678367,4.986184489442036,-0.13425150508452233,1.6467473481201853,-4.428384326984067,1.316184489448216
1370000,3.587730094959282,2.1203639394933775,-0.2176220101141199,4.986184489442036,-0.13618990503641393,1.6655427651469135,-4.428384326980237,2.1030077854970566
1380000,3.631698086785999,2.0945934084661166,-0.2176220101141199,4.986184489442036,-0.08088191320967693,1.620499353595617,-4.438384326982494,1.9925636066601697
1390000,3.649458018660876,2.080729847385775,-0.2176220101141199,4.986184489442036,-0.07792198133478422,1.5940146749788902,-4.438384326982408,2.1625517721751604
1400000,3.652471252264473,2.0806402014094068,-0.21761288068678367,4.986184489442036,-0.08809874773111637,1.5904593351883045,-4.428384326982575,2.4724899138734813
1410000,3.729392202198953,2.0298479118048656,-0.21761288068678367,4.986184489442036,-0.07605779779661567,1.5634893632190878,-4.428384326984792,1.832633375766064
1420000,3.70985953599557,2.039540872477132,-0.21761642741746148,4.986184489442036,-0.09584046399992106,1.6396215999950123,-4.438384326983207,2.4524139263017646
1430000,3.7409093455858664,2.0197445706390065,-0.21761642741746148,4.986184489442036,-0.08134065440961016,1.6067378331868156,-4.432179382783663,2.0029586561624995
1440000,3.746357618782346,2.014014861359469,-0.21759089680665833,4.986184489442036,-0.09259238121304042,1.6314477689940448,-4.438384326983167,1.983361537944278
1450000,3.7281700524094132,2.0274018735719332,-0.21761288068678367,4.986184489442036,-0.07445994758597706,1.5823255691038938,-4.428384326983007,2.392822334434249
1460000,3.5993717139622166,2.114821703084784,-0.21761288068678367,4.986184489442036,-0.12078828603327965,1.6520385617662556,-4.448384326983114,4.82161567301358
1470000,3.677353615550235,2.0646975331039314,-0.21761288068678367,4.986184489442036,-0.11972638444508105,1.6401662280777123,-4.448384326983841,1.912737363820292
1480000,3.615920709224268,2.1030776270385063,-0.21759089680665833,4.986184489442036,-0.11388929077108552,1.6547558086623557,-4.428384326983865,4.771615673013581
1490000,3.6188888547537883,2.1026615485158455,-0.21761642741746148,4.986184489442036,-0.1600711452414217,1.711595151329778,-4.438384326982317,4.787820617213111
1500000,3.6719906536802047,2.0689649652977162,-0.2176220101141199,4.986184489442036,-0.09486934631507853,1.6329844999941718,-4.428384326983829,1.2825462175182127
1510000,3.6723867720833603,2.067721634369884,-0.21761288068678367,4.986184489442036,-0.09678322791180957,1.6375838695254945,-4.442179382783479,1.9625462175113015
1520000,3.672201687421115,2.067544277194369,-0.21761642741746148,4.986184489442036,-0.09495831257405596,1.6270618020891874,-4.458384326984653,1.4527555933396794
1530000,3.6218169656065156,2.0968452981506567,-0.21761166314262065,4.986184489442036,-0.12201303438866726,1.664813359231678,-4.428384326984649,1.6061844894490078
1540000,3.734895946134484,2.027849942461358,-0.2176220101141199,4.986184489442036,0.01612594613925494,1.4761617170560595,-4.442179382785108,1.8929170479623436
1550000,3.7526227462193558,2.0125474418741707,-0.21761642741746148,4.986184489442036,-0.09934725377569704,1.61312821864595,-4.4283843269820835,1.7433615379442786
1560000,3.5768749155220276,2.126005699108159,-0.21761288068678367,4.986184489442036,-0.15293508447306858,1.6838421214412762,-4.42838432698371,1.4461844894489868
1570000,3.618190055943355,2.0999734579152203,-0.21761288068678367,4.986184489442036,-0.16958994405166603,1.7225298181824695,-4.428384326982855,1.4126238723653186
1580000,3.6928863165472374,2.054006754302104,-0.21756986243178628,4.986184489442036,-0.12174368344777894,1.6548452648397178,-4.438384326983673,1.3461844894490866
1590000,3.779535018938018,1.989850580394859,-0.21759089680665833,4.986184489442036,-0.06841498105695325,1.595761660624126,-4.428384326981961,1.41618448944913
1600000,3.6442719273682855,2.08685600741361,-0.21761642741746148,4.986184489442036,-0.18110807262659753,1.6925874473173086,-4.438384326984571,1.446184489449179
1610000,3.6653363996173294,2.074333692398589,-0.21761642741746148,4.986184489442036,-0.030083600377764044,1.5177091459986605,-4.428384326981918,4.62161567301358
1620000,3.7272345226782053,2.030985304356636,-0.21761288068678367,4.986184489442036,-0.0963054773165857,1.6432611349893418,-4.438384326982748,4.837820617213111
1630000,3.5835032517089944,2.1203336842962797,-0.21761642741746148,4.986184489442036,-0.16096674828589072,1.734912351998837,-4.448384326981787,1.5461844894495225
1640000,3.6118736832363854,2.1027804430398724,-0.21761642741746148,4.986184489442036,-0.14777631675843836,1.7420272517383137,-4.44838432698256,4.771615673013581
1650000,3.735396681164793,2.0218373889873456,-0.2176220101141199,4.986184489442036,-0.06809331882992566,1.595856383634106,-4.438384326981637,1.4330077855046763
1660000,3.6614217144335752,2.0725050751594862,-0.21761288068678367,4.986184489442036,-0.14423828556109453,1.6539783370886891,-4.4383843269826695,1.1761844894489215
1670000,3.6668012981935627,2.070156173743741,-0.21761166314262065,4.986184489442036,-0.13838870180116783,1.6659269378323702,-4.428384326981747,4.787820617213111
1680000,3.675431030751291,2.063999881504666,-0.21761288068678367,4.986184489442036,-0.09284896924342424,1.6262087086123893,-4.428384326983513,1.0932344864446577
1690000,3.749413289671464,2.0128532589573767,-0.2176220101141199,4.986184489442036,-0.07156671032313429,1.5585949190651132,-4.458384326984475,1.7361844894496028
1700000,3.7252426544474564,2.0310253225327033,-0.2176220101141199,4.986184489442036,-0.09982734554712124,1.615548956530042,-4.428384326981745,1.7028223344342472
1710000,3.7264320049218593,2.0320090504572215,-0.21761166314262065,4.986184489442036,-0.05058799507274824,1.5765564034744364,-4.43838432698147,1.3227373638281748
1720000,3.7054367337821565,2.0467168811430967,-0.21761288068678367,4.986184489442036,-0.04520326621244235,1.5175865496354985,-4.428384326981545,1.002633375773927
1730000,3.8197076407798707,1.9653574251526407,-0.21759839313609602,4.986184489442036,-0.016942359214564322,1.498089612794701,-4.482179382784895,1.0961844894499526
1740000,3.672749641942401,2.0670998954284383,-0.21761642741746148,4.986184489442036,-0.12232035805192812,1.6297340731572159,-4.448384326982495,1.376184489450071
1750000,3.790018981883732,1.9836851790187848,-0.21761288068678367,4.986184489442036,-0.08154101811045494,1.6057263702852356,-4.428384326983396,1.3261844894501205
1760000,3.6174963333339254,2.1032139093570352,-0.21761642741746148,4.986184489442036,-0.07108366666063116,1.5910209554999368,-4.428384326981512,1.3230077855051832
1770000,3.7243567204445274,2.028176181358055,-0.21761642741746148,4.986184489442036,-0.07809327954978076,1.5987310398167667,-4.442179382784855,1.2124899138816607
1780000,3.7791902159258632,1.992664083346223,-0.2176220101141199,4.986184489442036,0.0061702159314251225,1.517661808661044,-4.438384326981343,4.68782061721311
1790000,3.6857126849461226,2.0589610802635963,-0.21759839313609602,4.986184489442036,-0.08429731504828854,1.5958838281986747,-4.432179382782849,1.2761844894493697
1800000,3.6551025089764533,2.07725512444313,-0.21761642741746148,4.986184489442036,-0.09318749101797025,1.6160763431892184,-4.438384326982362,2.3124899138734807
1810000,3.804473070117724,1.9761189373929302,-0.21759089680665833,4.986184489442036,-0.007876929876557057,1.5267109845130447,-4.418384326981424,4.72161567301358
1820000,3.682883022293447,2.0620396684646507,-0.21761642741746148,4.986184489442036,-0.07506697770079067,1.6103010914298568,-4.438384326981179,1.393234486445463
1830000,3.575223708267526,2.127222944413247,-0.21761288068678367,4.986184489442036,-0.11931629172676284,1.6516562080209,-4.438384326981355,1.3327373638286666
1840000,3.756082258603391,2.010302575896232,-0.21761288068678367,4.986184489442036,-0.027257741390790735,1.5520093422817238,-4.4383843269843135,2.1932344864371367
1850000,3.64572596202722,2.0839083818246507,-0.21761642741746148,4.986184489442036,-0.09905403796709827,1.6026396307454052,-4.45217938278477,1.602623872358317
1860000,3.5319030924233634,2.15344272374277,-0.21761288068678367,4.986184489442036,-0.15450690757092717,1.658161565706605,-4.428384326982228,1.2161844894503497
1870000,3.6242392754803476,2.098354595831051,-0.21761166314262065,4.986184489442036,-0.1824007245137817,1.710524309729508,-4.438384326983193,4.837820617213111
1880000,3.741793126327206,2.018048657700378,-0.21759089680665833,4.986184489442036,-0.13033687366672472,1.6456058763888035,-4.428384326982185,1.022633375774432
1890000,3.6968541279851794,2.050694063244282,-0.21761642741746148,4.986184489442036,-0.13343587200878643,1.661104082190178,-4.428384326981959,4.72161567301358
1900000,3.707598945886721,2.043105225617291,-0.21761166314262065,4.986184489442036,-0.11264105410726244,1.6400676052329006,-4.4283843269821395,1.4528223344342477
1910000,3.716060437258785,2.0380263208418787,-0.21759839313609602,4.986184489442036,-0.11489956273508403,1.6178244080645061,-4.428384326977791,1.4432344864371363
1920000,3.738145258327737,2.0246228319757567,-0.2176220101141199,4.986184489442036,-0.0028747416662968394,1.4905380192117914,-4.44217938278236,1.4961844894506275
1930000,3.6469539839193166,2.0829020584910136,-0.21759089680665833,4.986184489442036,-0.13889601607465368,1.6456707513226005,-4.428384326980923,2.1329170479623447
1940000,3.6565847531832314,2.07922397674006,-0.21759839313609602,4.986184489442036,-0.08993524681073645,1.6064880895727136,-4.448384326983069,1.423234486437139
1950000,3.6499872081731946,2.0805064996227,-0.21761288068678367,4.986184489442036,-0.1393227918206801,1.6116436698330103,-4.428384326977686,1.0724405030484636
1960000,3.8052970007496265,1.9732022992424643,-0.2176220101141199,4.986184489442036,-0.0880929992441111,1.5971103530031452,-4.432179382784644,4.68782061721311
1970000,3.715449822190806,2.038420167962929,-0.21759839313609602,4.986184489442036,-0.08918017780293505,1.56073515611489,-4.438384326980911,1.3528223344342485
1980000,3.7013366814017505,2.0476793785538243,-0.21759839313609602,4.986184489442036,-0.11358331859195255,1.6210114456879383,-4.438384326984147,4.72161567301358
1990000,3.7551097806770066,2.0131895873454706,-0.21761642741746148,4.986184489442036,0.017669780683192797,1.4869205284983822,-4.428384326982971,1.4261844894503062
2000000,3.6143193965373603,2.103797390832555,-0.21761642741746148,4.986184489442036,-0.05408060345644548,1.5777791873423548,-4.432179382782372,1.3761844894510862
2010000,3.700806895452568,2.04999790277641,-0.21758607369823674,4.986184489442036,-0.03997310454120532,1.5706115575278348,-4.438384326980745,1.5961844894511361
2020000,3.5478294663585586,2.141393385067037,-0.2176220101141199,4.986184489442036,-0.1938705336349716,1.755115790842197,-4.43217938278114,1.3328223344433905
2030000,3.6514861752580012,2.078954886401751,-0.21761288068678367,4.986184489442036,-0.14815382473552108,1.6719684723765063,-4.428384326982939,1.2233615379535188
2040000,3.75566479506277,2.0078104646980415,-0.21759839313609602,4.986184489442036,-0.04377520493083005,1.5887378112058443,-4.43217938278129,1.6227373638295646
2050000,3.840738741247598,1.9485327646447883,-0.2176220101141199,4.986184489442036,0.02849874125398936,1.4921130525271502,-4.458384326984056,1.4961844894514904
2060000,3.6323787860780716,2.0933125880299324,-0.21759089680665833,4.986184489442036,-0.14748121391533758,1.667330850397869,-4.43217938278111,4.72161567301358
2070000,3.5820838542042512,2.1245173574964826,-0.21761642741746148,4.986184489442036,-0.17307614578929403,1.6877284290707628,-4.428384326981746,1.0561844894515877
2080000,3.670382037345448,2.0667481309868774,-0.21761288068678367,4.986184489442036,-0.156737962647833,1.6800086595978663,-4.428384326980622,4.60782061721311
2090000,3.6760785039010875,2.061039161088528,-0.2176220101141199,4.986184489442036,-0.21783149609218655,1.7314274695708165,-4.4383843269814705,1.3326911097106064
2100000,3.6848999232866375,2.0574995587260343,-0.21761642741746148,4.986184489442036,-0.09313007670667414,1.6019546298321854,-4.478384326983987,1.1461844894515103
2110000,3.6445494830167955,2.083338919012382,-0.21759089680665833,4.986184489442036,-0.12670051697648943,1.6475805247029358,-4.448384326981674,1.2332344864468707
2120000,3.6731520984301143,2.0645675704181206,-0.21761642741746148,4.986184489442036,-0.11690790156303367,1.6924116501146922,-4.438384326981655,1.4829170479721312
2130000,3.6562826941972477,2.076198659950463,-0.21761642741746148,4.986184489442036,-0.08978730579602254,1.666959464109876,-4.428384326980384,4.68782061721311
2140000,3.5231436017085302,2.156135164901599,-0.21758607369823674,4.986184489442036,-0.20166639828480498,1.7160346770800416,-4.4383843269767285,1.3126333757759383
2150000,3.6611837895135895,2.073434570038997,-0.21761642741746148,4.986184489442036,-0.11435621047956113,1.6256957949197561,-4.4321793827832145,1.262958656162506
2160000,3.701699012992476,2.046061362645077,-0.21761288068678367,4.986184489442036,-0.06506098700061315,1.6240627922689896,-4.42838432698039,1.626184489452005
2170000,3.667345425860275,2.068631081991985,-0.21761288068678367,4.986184489442036,-0.13705457413280192,1.7013729867317693,-4.428384326982718,4.59161567301358
2180000,3.7368657232629765,2.022030654254639,-0.21759089680665833,4.986184489442036,-0.11245427672997658,1.6798454690089268,-4.428384326982626,4.6378206172131105
2190000,3.716455960691401,2.0367910266116565,-0.21761288068678367,4.986184489442036,-0.05106403930166419,1.5959558607872952,-4.438384326980141,1.4461844894520581
2200000,3.5915768419898177,2.1166085763117026,-0.21761288068678367,4.986184489442036,-0.1504531580031916,1.6888139631270318,-4.432179382780658,4.68782061721311
2210000,3.6654717023462133,2.070388467565488,-0.2176220101141199,4.986184489442036,-0.05519829764682207,1.5906832099770354,-4.428384326983875,1.24618448945216
2220000,3.7491908697316765,2.013529955466704,-0.21761642741746148,4.986184489442036,-0.04588913026134922,1.5885967128115146,-4.428384326980211,4.73782061721311
2230000,3.7284996573632827,2.0311086543573853,-0.21759089680665833,4.986184489442036,-0.10454034262951718,1.6733937577512468,-4.438384326983843,4.73782061721311
2240000,3.637415030168596,2.087567291433017,-0.21758607369823674,4.986184489442036,-0.18149496982402571,1.7394564643818446,-4.428384326981109,1.4461844894523135
2250000,3.6358367589769487,2.0894329619050933,-0.21759839313609602,4.986184489442036,-0.06602324101604878,1.6565730287436233,-4.41838432698252,4.72161567301358
2260000,3.6973692103358604,2.0505141265045514,-0.2176220101141199,4.986184489442036,-0.08796078965694445,1.6385747120196865,-4.462179382784277,1.55618448945222
2270000,3.607044446519864,2.109115686030902,-0.21761166314262065,4.986184489442036,-0.10500555347283813,1.663848163980336,-4.428384326982553,1.436184489452526
2280000,3.678198701300782,2.066324876692028,-0.21761288068678367,4.986184489442036,-0.054231298691977445,1.6459664875749334,-4.442179382781761,4.787820617213111
2290000,3.6473071339705463,2.0824665031055427,-0.21758607369823674,4.986184489442036,-0.10366286602224505,1.6401066177514918,-4.438384326981264,1.2461844894517018
2300000,3.6545208875651602,2.0792895851705158,-0.2176220101141199,4.986184489442036,-0.07577911242775248,1.5926443920567348,-4.42838432698376,4.73782061721311
2310000,3.641611162721035,2.0825652925978733,-0.21761166314262065,4.986184489442036,-0.12816883727151357,1.6558756000731698,-4.428384326975895,1.2461844894525385
2320000,3.6217600854979093,2.099159796474218,-0.2176220101141199,4.986184489442036,-0.12887991449482478,1.6364325763249359,-4.428384326983741,1.0925462175216651
2330000,3.5373415158601818,2.14954950667667,-0.21759839313609602,4.986184489442036,-0.1631384841324569,1.679734445843369,-4.448384326983728,1.3333615379549428
2340000,3.705985792396281,2.0468757619998734,-0.21759089680665833,4.986184489442036,-0.06433420759638982,1.588891840253763,-4.4283843269837195,4.62161567301358
2350000,3.616179347299221,2.1021636219759676,-0.2176220101141199,4.986184489442036,-0.12242065269326534,1.6858110805306492,-4.428384326979813,1.3225983674318496
2360000,3.7959516392503554,1.980631077803371,-0.21759089680665833,4.986184489442036,-0.05902836074198366,1.5834467053189811,-4.428384326979915,1.312737363820296
2370000,3.700903404192844,2.0485427624094448,-0.21761166314262065,4.986184489442036,-0.05771659579988065,1.5602747938167607,-4.4283843269797645,4.62161567301358
2380000,3.736421528028208,2.0236016429785404,-0.2176220101141199,4.986184489442036,-0.09959847196423177,1.6209463489907805,-4.448384326983664,1.3961844894522417
2390000,3.5899433497969704,2.118343634521089,-0.21761288068678367,4.986184489442036,-0.16622665019527444,1.7321936206242994,-4.448384326980767,4.60782061721311
2400000,3.617898609530362,2.100021331547351,-0.21761288068678367,4.986184489442036,-0.15736139046197603,1.7178105949546751,-4.428384326983644,1.4361844894523244
2410000,3.661024033119148,2.073202321013617,-0.21761288068678367,4.986184489442036,-0.07085596687322518,1.6287765213036978,-4.448384326979736,1.293234486448184
2420000,3.6456498070277377,2.083504166476617,-0.2176220101141199,4.986184489442036,-0.07586019296458206,1.6256164351012625,-4.42838432697966,4.837820617213111
2430000,3.7196746235001603,2.033101405556701,-0.21761642741746148,4.986184489442036,-0.06713537649202558,1.6134993871915828,-4.42838432698093,1.6161844894420367
2440000,3.7116991150113416,2.0413621363860113,-0.2176220101141199,4.986184489442036,-0.0453008849808962,1.6037459016939937,-4.432179382781104,4.6378206172131105
2450000,3.6465500264608313,2.084111587544156,-0.21761288068678367,4.986184489442036,-0.1370999735314927,1.6238046871984035,-4.4383843269806125,1.032755593343932
2460000,3.6652048286425436,2.069390362485,-0.21761288068678367,4.986184489442036,-0.12184517134979708,1.6307411080198007,-4.4521793827840295,4.62161567301358
2470000,3.725311114000213,2.032187215406122,-0.21761166314262065,4.986184489442036,-0.06987888599187433,1.5789343630667176,-4.428384326982204,1.333361537955485
2480000,3.597251808619572,2.115218992657452,-0.21759839313609602,4.986184489442036,-0.1475581913726649,1.6797450097732938,-4.428384326980802,4.787820617213111
2490000,3.82838273911942,1.9560156383540377,-0.21761642741746148,4.986184489442036,0.044992739127417254,1.4962520452054595,-4.428384326983522,4.68782061721311
2500000,3.6899876622651546,2.0551801706318757,-0.21761642741746148,4.986184489442036,-0.058342337726918575,1.5989337093385179,-4.4383843269794365,1.286184489453286
2510000,3.572993815084215,2.128324459540069,-0.21761166314262065,4.986184489442036,-0.1708561849078745,1.7062160445151504,-4.462179382783972,1.13618448945335
2520000,3.8047640037773958,1.9721561051123144,-0.21759089680665833,4.986184489442036,-0.05591599621449236,1.5875294894530183,-4.4283843269750225,4.67161567301358
2530000,3.7142835431680163,2.037155192253552,-0.21761166314262065,4.986184489442036,-0.1250364568239434,1.636150104563803,-4.448384326980422,1.2061844894533005
2540000,3.744086154328004,2.0178637071436287,-0.2176220101141199,4.986184489442036,-0.03808384566388068,1.5753408767336807,-4.428384326982043,4.60782061721311
2550000,3.554551921598504,2.141182523146191,-0.21761288068678367,4.986184489442036,-0.2210780783933151,1.7305307773309626,-4.45838432698346,1.2029170479738749
2560000,3.7597873901171575,2.0066245799120654,-0.21761288068678367,4.986184489442036,-0.01857260987458803,1.58014468067457,-4.428384326979342,1.2333615379560072
2570000,3.7214392905460256,2.0354898503302215,-0.21761642741746148,4.986184489442036,-0.0700507094457752,1.6133217418590768,-4.43838432697909,4.59161567301358
2580000,3.533260607765107,2.1546558301857055,-0.21761166314262065,4.986184489442036,-0.130379392226869,1.641596131549081,-4.428384326980309,4.67161567301358
2590000,3.7172499839234225,2.036268816279655,-0.21761642741746148,4.986184489442036,-0.15285001606833795,1.6570594110687533,-4.458384326983417,1.1433615379562196
2600000,3.6971134314389307,2.052997380218197,-0.21761288068678367,4.986184489442036,-0.1294565685528828,1.6049328989308236,-4.448384326980532,1.0061844894538394
2610000,3.6299913335076144,2.0908123795097078,-0.21761642741746148,4.986184489442036,-0.1553786664839757,1.663792578856648,-4.45838432698024,1.2526238723701866
2620000,3.715148139297647,2.0369858175478996,-0.21759089680665833,4.986184489442036,-0.09093186069417981,1.6132989732359204,-4.492179382783851,1.4461844894539526
2630000,3.7200264625043156,2.034763983025975,-0.21761288068678367,4.986184489442036,-0.05751353748748484,1.5616546475550264,-4.442179382780677,1.5961844894539987
2640000,3.6722166744718523,2.0665653563406905,-0.21759089680665833,4.986184489442036,-0.112933325519687,1.6647976081270608,-4.4221793827749325,1.3961844894539386
2650000,3.6813539405610016,2.063389513560479,-0.21759089680665833,4.986184489442036,-0.09538605943078442,1.5754083660607492,-4.42838432698335,1.1361844894539912
2660000,3.755967734209911,2.0112612085520216,-0.21761288068678367,4.986184489442036,-0.062472265781709224,1.5770490245388147,-4.428384326980146,1.0261844894540397
2670000,3.6501212173719115,2.0805153541524968,-0.2176220101141199,4.986184489442036,-0.13757878261960188,1.6623105664773852,-4.428384326980381,1.2026333757781194
2680000,3.6321364125531757,2.091598407142393,-0.21761288068678367,4.986184489442036,-0.11695358743838051,1.6785949183974158,-4.4383843269741,4.68782061721311
2690000,3.5912189822871468,2.1165392171458786,-0.21761642741746148,4.986184489442036,-0.18754101770418594,1.7054937005420925,-4.472179382783786,1.2025308202783727
2700000,3.6780785218547583,2.063078662994451,-0.2176220101141199,4.986184489442036,-0.13468147813660514,1.671238706727259,-4.428384326980052,1.3425517721867322
2710000,3.7117176822130227,2.0402952979389815,-0.21761166314262065,4.986184489442036,-0.07262231777839397,1.5847466947561206,-4.44217938278376,1.3261844894542847
2720000,3.605549936557579,2.1095847293517407,-0.21761288068678367,4.986184489442036,-0.11295006343390429,1.6189549797123421,-4.4283843269818295,4.837820617213111
2730000,3.736305028218075,2.0243823545659305,-0.21758607369823674,4.986184489442036,-0.02888497177326878,1.5447585933326502,-4.4383843269802465,1.2761844894544394
2740000,3.7701318159194606,1.9979352743997487,-0.21759839313609602,4.986184489442036,-0.08381818407173429,1.5984602102601875,-4.418384326981791,1.2432344864495946
2750000,3.7890986896317336,1.9837147894166758,-0.21761642741746148,4.986184489442036,-0.057781310359477686,1.589000567568682,-4.438384326973832,4.787820617213111
2760000,3.5971694006389816,2.1144175264018688,-0.21761288068678367,4.986184489442036,-0.15865059935231374,1.6473879478000464,-4.458384326980173,1.4761844894545892
2770000,3.7618291856114228,2.007449995793406,-0.21761642741746148,4.986184489442036,-0.022890814379970082,1.527971433660404,-4.448384326978684,4.58161567301358
2780000,3.739319354871998,2.0215926930059136,-0.21761642741746148,4.986184489442036,-0.05005064511910122,1.5208487374057358,-4.492179382783683,1.3361844894546833
2790000,3.714809254738738,2.0371424296743696,-0.21761642741746148,4.986184489442036,-0.07931074525242529,1.6102321643388393,-4.428384326980108,1.2529170479749903
2800000,3.672413755901564,2.069390227234476,-0.21761288068678367,4.986184489442036,-0.06529624408947769,1.5878881958325752,-4.452179382783658,4.67161567301358
2810000,3.61201942385778,2.105555436489534,-0.21761642741746148,4.986184489442036,-0.1538505761334905,1.6598495546891925,-4.4321793827805305,4.607820617213111
2820000,3.7486790272860073,2.017536281752992,-0.21761642741746148,4.986184489442036,-0.08588097270499855,1.6344719707259001,-4.462179382780257,4.72161567301358
2830000,3.661640880102188,2.0713275464920042,-0.21761166314262065,4.986184489442036,-0.15219911988858004,1.6763469711649925,-4.428384326979768,1.082546217524082
2840000,3.7118109652150597,2.0410978836531997,-0.21761642741746148,4.986184489442036,-0.06869903477594386,1.6054217018855965,-4.432179382783617,4.72161567301358
2850000,3.6808945304414586,2.063300652928177,-0.21761642741746148,4.986184489442036,-0.07048546954950606,1.5744659226331121,-4.438384326973341,1.4261844894549807
2860000,3.777094702914618,1.9957981271506964,-0.21761642741746148,4.986184489442036,-0.10952529707618476,1.636765005061732,-4.428384326979699,1.2224139263017686
2870000,3.657176609945974,2.0756665604016216,-0.21761166314262065,4.986184489442036,-0.19895339004486137,1.682197102174728,-4.428384326981588,4.73782061721311
2880000,3.6017995817603086,2.11048989716396,-0.21759089680665833,4.986184489442036,-0.20560041823044775,1.6972306384902736,-4.428384326983104,0.9261844894551059
2890000,3.7350720235528976,2.022426874349568,-0.21759089680665833,4.986184489442036,-0.1221379764377859,1.6419859969896684,-4.438384326978282,1.072917047962358
2900000,3.6913776752830123,2.057017848597005,-0.21761642741746148,4.986184489442036,-0.11815232470779359,1.6169497184322903,-4.442179382780338,1.3561844894553197
2910000,3.7210837887803163,2.033186724138819,-0.21758607369823674,4.986184489442036,-0.10587621121025297,1.6476409495452193,-4.428384326979578,1.4261844894553537
2920000,3.745521146976942,2.015890051573748,-0.21761166314262065,4.986184489442036,-0.036568853013675066,1.6018980149610986,-4.428384326978238,4.837820617213111
2930000,3.6275426288409776,2.0953037325328356,-0.21761642741746148,4.986184489442036,-0.15864737114985442,1.6812390637425774,-4.422179382773553,1.3033615379574441
2940000,3.735633150671539,2.022894079903082,-0.21761288068678367,4.986184489442036,-0.05946684931905793,1.5774642644338723,-4.448384326983035,1.2832344864504819
2950000,3.7575677151893743,2.008391629487481,-0.21761288068678367,4.986184489442036,-0.0327522848011522,1.494456564266726,-4.42838432698134,0.9861844894554164
2960000,3.6716450553389004,2.067837315138242,-0.2176220101141199,4.986184489442036,-0.13869494465177676,1.6081798472962867,-4.438384326977931,0.832822334447048
2970000,3.634789610054413,2.0914082069972078,-0.21759089680665833,4.986184489442036,-0.15016038993642417,1.6472764433623754,-4.438384326972919,1.1261844894555164
2980000,3.572703716197467,2.1292180364039477,-0.21761288068678367,4.986184489442036,-0.1381462837933399,1.6687708545639706,-4.4283843269814,4.59161567301358
2990000,3.6214953335194804,2.0991744940187305,-0.21761288068678367,4.986184489442036,-0.026994666471108965,1.6168346182984772,-4.488384326982973,1.4825983674349295
